vulnerability_id,cve_id,application_id,application_name,asset_id,hostname,ip_address,os_type,server_type,internet_facing,severity,status,past_due_flag,escalated_flag,kernel_related,application_owner,os_owner,business_unit,environment,region,discovered_date,due_date,is_remediated,platform_type,operating_system,description,last_scan_date
VULN-000010,CVE-2024-1010,APP010,Application-010,ASSET-000010,host-000010.corp.local,10.0.0.10,solaris,VM,False,High,Remediated,True,False,True,owner10@example.com,sysadmin0@example.com,Retail,Staging,eu-west-1,2025-11-12,2025-12-30,False,Solaris,Solaris 11,Sample finding for vulnerability VULN-000010,2026-06-05
VULN-000030,CVE-2024-1030,APP030,Application-030,ASSET-000030,host-000030.corp.local,10.0.1.30,solaris,VM,False,Medium,Remediated,True,False,True,owner10@example.com,sysadmin0@example.com,Marketing,Staging,eu-west-1,2026-04-13,2026-05-09,False,Solaris,Solaris 11,Sample finding for vulnerability VULN-000030,2026-06-21
VULN-000050,CVE-2024-1050,APP000,Application-000,ASSET-000050,host-000050.corp.local,10.0.3.50,linux,VM,False,Medium,Open,False,False,False,owner10@example.com,sysadmin0@example.com,Finance,Staging,eu-west-1,2026-05-22,2026-08-11,False,Linux,RHEL 8,Sample finding for vulnerability VULN-000050,2026-06-17
VULN-000070,CVE-2024-1070,APP020,Application-020,ASSET-000070,host-000070.corp.local,10.0.4.70,linux,Container,False,Critical,Remediated,True,False,False,owner10@example.com,sysadmin0@example.com,Retail,Production,us-west-2,2026-03-09,2026-04-22,False,Linux,Ubuntu 22.04,Sample finding for vulnerability VULN-000070,2026-06-06
VULN-000090,CVE-2024-1090,APP040,Application-040,ASSET-000090,host-000090.corp.local,10.0.5.90,aix,Physical,False,Low,Open,True,False,False,owner10@example.com,sysadmin0@example.com,Retail,Staging,ap-south-1,2025-06-26,2025-09-09,False,AIX,AIX 7.2,Sample finding for vulnerability VULN-000090,2026-05-26
VULN-000110,CVE-2024-1110,APP010,Application-010,ASSET-000110,host-000110.corp.local,10.0.6.110,linux,VM,False,High,Remediated,True,False,True,owner10@example.com,sysadmin0@example.com,Marketing,Staging,eu-west-1,2026-03-07,2026-03-21,True,Linux,Ubuntu 22.04,Sample finding for vulnerability VULN-000110,2026-05-31
VULN-000130,CVE-2024-1130,APP030,Application-030,ASSET-000130,host-000130.corp.local,10.0.8.130,linux,Container,False,Medium,Remediated,False,False,False,owner10@example.com,sysadmin0@example.com,HR,Development,us-east-1,2026-05-05,2026-07-06,False,Linux,RHEL 8,Sample finding for vulnerability VULN-000130,2026-06-13
VULN-000150,CVE-2024-1150,APP000,Application-000,ASSET-000150,host-000150.corp.local,10.0.9.150,aix,Physical,False,Medium,Remediated,True,False,False,owner10@example.com,sysadmin0@example.com,Finance,Staging,us-west-2,2025-10-14,2025-12-21,True,AIX,AIX 7.2,Sample finding for vulnerability VULN-000150,2026-05-27
VULN-000170,CVE-2024-1170,APP020,Application-020,ASSET-000170,host-000170.corp.local,10.0.10.170,linux,Physical,False,High,In Progress,True,False,True,owner10@example.com,sysadmin0@example.com,Retail,Staging,us-west-2,2025-11-26,2025-12-26,False,Linux,RHEL 8,Sample finding for vulnerability VULN-000170,2026-06-01
VULN-000190,CVE-2024-1190,APP040,Application-040,ASSET-000190,host-000190.corp.local,10.0.11.190,windows,Container,True,Medium,In Progress,True,False,False,owner10@example.com,sysadmin0@example.com,Retail,Staging,us-west-2,2025-09-06,2025-11-12,False,Windows,Windows Server 2019,Sample finding for vulnerability VULN-000190,2026-06-02
VULN-000210,CVE-2024-1210,APP010,Application-010,ASSET-000210,host-000210.corp.local,10.0.13.210,windows,Container,False,High,In Progress,True,False,False,owner10@example.com,sysadmin0@example.com,Retail,Development,us-east-1,2026-03-20,2026-04-18,False,Windows,Windows Server 2022,Sample finding for vulnerability VULN-000210,2026-06-25
VULN-000230,CVE-2024-1230,APP030,Application-030,ASSET-000230,host-000230.corp.local,10.0.14.230,linux,Physical,False,Medium,Remediated,True,True,True,owner10@example.com,sysadmin0@example.com,Finance,Production,us-west-2,2025-08-09,2025-10-30,False,Linux,RHEL 8,Sample finding for vulnerability VULN-000230,2026-05-27
VULN-000250,CVE-2024-1250,APP000,Application-000,ASSET-000250,host-000250.corp.local,10.0.15.250,windows,VM,True,Medium,Accepted Risk,True,True,False,owner10@example.com,sysadmin0@example.com,Retail,Production,ap-south-1,2025-11-11,2025-12-25,True,Windows,Windows Server 2019,Sample finding for vulnerability VULN-000250,2026-06-25
VULN-000270,CVE-2024-1270,APP020,Application-020,ASSET-000270,host-000270.corp.local,10.1.16.14,linux,Physical,False,Medium,Remediated,True,False,True,owner10@example.com,sysadmin0@example.com,Engineering,Development,us-east-1,2025-09-10,2025-11-15,True,Linux,RHEL 8,Sample finding for vulnerability VULN-000270,2026-05-28
VULN-000290,CVE-2024-1290,APP040,Application-040,ASSET-000290,host-000290.corp.local,10.1.18.34,linux,VM,False,Critical,Open,True,False,False,owner10@example.com,sysadmin0@example.com,Marketing,Staging,eu-west-1,2025-08-07,2025-08-26,False,Linux,Ubuntu 22.04,Sample finding for vulnerability VULN-000290,2026-06-06
VULN-000310,CVE-2024-1310,APP010,Application-010,ASSET-000310,host-000310.corp.local,10.1.19.54,solaris,Physical,False,Low,Remediated,True,False,False,owner10@example.com,sysadmin0@example.com,Marketing,Staging,us-east-1,2026-01-04,2026-03-17,False,Solaris,Solaris 11,Sample finding for vulnerability VULN-000310,2026-06-08
VULN-000330,CVE-2024-1330,APP030,Application-030,ASSET-000330,host-000330.corp.local,10.1.20.74,solaris,Physical,False,Medium,Remediated,False,False,True,owner10@example.com,sysadmin0@example.com,Finance,Development,us-west-2,2026-06-01,2026-08-07,True,Solaris,Solaris 11,Sample finding for vulnerability VULN-000330,2026-06-13
VULN-000350,CVE-2024-1350,APP000,Application-000,ASSET-000350,host-000350.corp.local,10.1.21.94,aix,Physical,False,Critical,Remediated,True,False,False,owner10@example.com,sysadmin0@example.com,Finance,Development,us-east-1,2025-08-14,2025-08-22,False,AIX,AIX 7.2,Sample finding for vulnerability VULN-000350,2026-05-28
VULN-000370,CVE-2024-1370,APP020,Application-020,ASSET-000370,host-000370.corp.local,10.1.23.114,linux,VM,False,Medium,Accepted Risk,True,False,True,owner10@example.com,sysadmin0@example.com,Marketing,Production,us-west-2,2026-03-04,2026-04-10,False,Linux,Ubuntu 22.04,Sample finding for vulnerability VULN-000370,2026-06-02
VULN-000390,CVE-2024-1390,APP040,Application-040,ASSET-000390,host-000390.corp.local,10.1.24.134,windows,Physical,False,Medium,Accepted Risk,False,False,False,owner10@example.com,sysadmin0@example.com,HR,Staging,us-west-2,2026-05-02,2026-07-07,False,Windows,Windows Server 2022,Sample finding for vulnerability VULN-000390,2026-05-26
VULN-000410,CVE-2024-1410,APP010,Application-010,ASSET-000410,host-000410.corp.local,10.1.25.154,windows,Physical,False,Critical,Remediated,True,False,False,owner10@example.com,sysadmin0@example.com,Engineering,Staging,us-west-2,2025-12-19,2026-03-15,False,Windows,Windows Server 2019,Sample finding for vulnerability VULN-000410,2026-06-22
VULN-000430,CVE-2024-1430,APP030,Application-030,ASSET-000430,host-000430.corp.local,10.1.26.174,aix,VM,False,Medium,Open,True,True,False,owner10@example.com,sysadmin0@example.com,HR,Production,eu-west-1,2025-12-03,2026-03-02,False,AIX,AIX 7.2,Sample finding for vulnerability VULN-000430,2026-05-31
VULN-000450,CVE-2024-1450,APP000,Application-000,ASSET-000450,host-000450.corp.local,10.1.28.194,windows,Container,False,Low,In Progress,True,False,False,owner10@example.com,sysadmin0@example.com,Retail,Staging,eu-west-1,2025-07-28,2025-10-16,False,Windows,Windows Server 2019,Sample finding for vulnerability VULN-000450,2026-06-07
VULN-000470,CVE-2024-1470,APP020,Application-020,ASSET-000470,host-000470.corp.local,10.1.29.214,windows,VM,False,High,Open,True,False,False,owner10@example.com,sysadmin0@example.com,Retail,Staging,us-east-1,2026-01-20,2026-03-01,True,Windows,Windows Server 2022,Sample finding for vulnerability VULN-000470,2026-06-21
VULN-000490,CVE-2024-1490,APP040,Application-040,ASSET-000490,host-000490.corp.local,10.1.30.234,aix,Container,False,Medium,In Progress,True,False,False,owner10@example.com,sysadmin0@example.com,Retail,Production,us-west-2,2025-12-27,2026-02-04,False,AIX,AIX 7.2,Sample finding for vulnerability VULN-000490,2026-06-21
VULN-000510,CVE-2024-1510,APP010,Application-010,ASSET-000510,host-000510.corp.local,10.1.31.254,linux,Physical,False,Low,Accepted Risk,True,False,False,owner10@example.com,sysadmin0@example.com,Engineering,Staging,us-east-1,2025-09-25,2025-11-05,True,Linux,Ubuntu 22.04,Sample finding for vulnerability VULN-000510,2026-06-09
VULN-000530,CVE-2024-1530,APP030,Application-030,ASSET-000530,host-000530.corp.local,10.2.33.18,windows,Physical,False,High,Remediated,True,True,False,owner10@example.com,sysadmin0@example.com,HR,Staging,us-west-2,2026-02-01,2026-03-10,True,Windows,Windows Server 2022,Sample finding for vulnerability VULN-000530,2026-06-11
VULN-000550,CVE-2024-1550,APP000,Application-000,ASSET-000550,host-000550.corp.local,10.2.34.38,solaris,Physical,False,Critical,Remediated,True,False,False,owner10@example.com,sysadmin0@example.com,Finance,Development,eu-west-1,2025-12-29,2026-03-12,True,Solaris,Solaris 11,Sample finding for vulnerability VULN-000550,2026-06-03
VULN-000570,CVE-2024-1570,APP020,Application-020,ASSET-000570,host-000570.corp.local,10.2.35.58,windows,Physical,False,Low,In Progress,True,False,True,owner10@example.com,sysadmin0@example.com,Engineering,Development,us-east-1,2026-05-05,2026-05-29,False,Windows,Windows Server 2019,Sample finding for vulnerability VULN-000570,2026-06-06
VULN-000590,CVE-2024-1590,APP040,Application-040,ASSET-000590,host-000590.corp.local,10.2.36.78,solaris,Container,False,Medium,Remediated,True,False,False,owner10@example.com,sysadmin0@example.com,HR,Staging,ap-south-1,2025-11-06,2025-11-29,False,Solaris,Solaris 11,Sample finding for vulnerability VULN-000590,2026-06-01
VULN-000610,CVE-2024-1610,APP010,Application-010,ASSET-000610,host-000610.corp.local,10.2.38.98,solaris,Physical,False,Medium,Accepted Risk,True,False,False,owner10@example.com,sysadmin0@example.com,Retail,Production,ap-south-1,2025-09-08,2025-11-01,False,Solaris,Solaris 11,Sample finding for vulnerability VULN-000610,2026-06-10
VULN-000630,CVE-2024-1630,APP030,Application-030,ASSET-000630,host-000630.corp.local,10.2.39.118,linux,VM,False,High,Accepted Risk,True,False,False,owner10@example.com,sysadmin0@example.com,Marketing,Production,us-west-2,2025-11-05,2025-12-26,False,Linux,Ubuntu 22.04,Sample finding for vulnerability VULN-000630,2026-06-25
VULN-000650,CVE-2024-1650,APP000,Application-000,ASSET-000650,host-000650.corp.local,10.2.40.138,solaris,VM,False,Low,In Progress,True,False,False,owner10@example.com,sysadmin0@example.com,Finance,Staging,us-west-2,2025-07-08,2025-10-01,False,Solaris,Solaris 11,Sample finding for vulnerability VULN-000650,2026-06-19
VULN-000670,CVE-2024-1670,APP020,Application-020,ASSET-000670,host-000670.corp.local,10.2.41.158,linux,Physical,True,High,In Progress,False,False,False,owner10@example.com,sysadmin0@example.com,HR,Production,eu-west-1,2026-06-16,2026-08-09,False,Linux,Ubuntu 22.04,Sample finding for vulnerability VULN-000670,2026-06-14
VULN-000690,CVE-2024-1690,APP040,Application-040,ASSET-000690,host-000690.corp.local,10.2.43.178,linux,Container,False,Low,Accepted Risk,False,False,False,owner10@example.com,sysadmin0@example.com,Marketing,Staging,us-west-2,2026-05-26,2026-07-01,False,Linux,Ubuntu 22.04,Sample finding for vulnerability VULN-000690,2026-06-15
VULN-000710,CVE-2024-1710,APP010,Application-010,ASSET-000710,host-000710.corp.local,10.2.44.198,linux,Physical,False,Low,Remediated,True,False,False,owner10@example.com,sysadmin0@example.com,Retail,Production,us-east-1,2025-10-14,2025-12-02,False,Linux,RHEL 8,Sample finding for vulnerability VULN-000710,2026-06-09
VULN-000730,CVE-2024-1730,APP030,Application-030,ASSET-000730,host-000730.corp.local,10.2.45.218,linux,VM,False,Critical,Remediated,True,False,False,owner10@example.com,sysadmin0@example.com,Retail,Production,us-east-1,2026-02-23,2026-03-04,False,Linux,RHEL 8,Sample finding for vulnerability VULN-000730,2026-06-14
VULN-000750,CVE-2024-1750,APP000,Application-000,ASSET-000750,host-000750.corp.local,10.2.46.238,aix,VM,False,Medium,In Progress,True,False,False,owner10@example.com,sysadmin0@example.com,HR,Staging,ap-south-1,2025-12-10,2025-12-25,False,AIX,AIX 7.2,Sample finding for vulnerability VULN-000750,2026-06-11
VULN-000770,CVE-2024-1770,APP020,Application-020,ASSET-000770,host-000770.corp.local,10.3.48.2,linux,Physical,False,High,Remediated,True,False,False,owner10@example.com,sysadmin0@example.com,Retail,Development,ap-south-1,2025-09-12,2025-10-26,False,Linux,Ubuntu 22.04,Sample finding for vulnerability VULN-000770,2026-06-18
VULN-000790,CVE-2024-1790,APP040,Application-040,ASSET-000790,host-000790.corp.local,10.3.49.22,aix,Physical,True,Medium,Remediated,True,False,False,owner10@example.com,sysadmin0@example.com,Engineering,Staging,us-east-1,2026-06-02,2026-06-09,True,AIX,AIX 7.2,Sample finding for vulnerability VULN-000790,2026-06-12
VULN-000810,CVE-2024-1810,APP010,Application-010,ASSET-000810,host-000810.corp.local,10.3.50.42,aix,Physical,False,Medium,Open,True,False,True,owner10@example.com,sysadmin0@example.com,HR,Production,us-west-2,2025-08-30,2025-09-16,False,AIX,AIX 7.2,Sample finding for vulnerability VULN-000810,2026-05-28
VULN-000830,CVE-2024-1830,APP030,Application-030,ASSET-000830,host-000830.corp.local,10.3.51.62,windows,VM,False,Low,Accepted Risk,True,False,False,owner10@example.com,sysadmin0@example.com,Marketing,Production,ap-south-1,2026-02-28,2026-04-13,False,Windows,Windows Server 2022,Sample finding for vulnerability VULN-000830,2026-06-04
VULN-000850,CVE-2024-1850,APP000,Application-000,ASSET-000850,host-000850.corp.local,10.3.53.82,aix,VM,False,Medium,In Progress,True,False,False,owner10@example.com,sysadmin0@example.com,HR,Development,us-east-1,2025-08-13,2025-10-18,False,AIX,AIX 7.2,Sample finding for vulnerability VULN-000850,2026-06-03
VULN-000870,CVE-2024-1870,APP020,Application-020,ASSET-000870,host-000870.corp.local,10.3.54.102,linux,VM,False,High,Remediated,True,False,True,owner10@example.com,sysadmin0@example.com,Finance,Development,us-west-2,2025-10-27,2025-12-30,True,Linux,Ubuntu 22.04,Sample finding for vulnerability VULN-000870,2026-06-08
VULN-000890,CVE-2024-1890,APP040,Application-040,ASSET-000890,host-000890.corp.local,10.3.55.122,linux,VM,False,Low,In Progress,True,False,False,owner10@example.com,sysadmin0@example.com,Finance,Production,eu-west-1,2026-05-13,2026-06-01,False,Linux,Ubuntu 22.04,Sample finding for vulnerability VULN-000890,2026-06-09
VULN-000910,CVE-2024-1910,APP010,Application-010,ASSET-000910,host-000910.corp.local,10.3.56.142,windows,Physical,False,Medium,Remediated,False,False,False,owner10@example.com,sysadmin0@example.com,Finance,Development,us-west-2,2026-05-28,2026-08-22,False,Windows,Windows Server 2022,Sample finding for vulnerability VULN-000910,2026-05-31
VULN-000930,CVE-2024-1930,APP030,Application-030,ASSET-000930,host-000930.corp.local,10.3.58.162,aix,Physical,False,High,In Progress,True,False,False,owner10@example.com,sysadmin0@example.com,Retail,Development,ap-south-1,2026-01-12,2026-02-28,True,AIX,AIX 7.2,Sample finding for vulnerability VULN-000930,2026-06-08
VULN-000950,CVE-2024-1950,APP000,Application-000,ASSET-000950,host-000950.corp.local,10.3.59.182,linux,VM,False,Medium,In Progress,True,False,False,owner10@example.com,sysadmin0@example.com,Finance,Production,us-west-2,2025-12-25,2026-01-09,False,Linux,RHEL 8,Sample finding for vulnerability VULN-000950,2026-06-17
VULN-000970,CVE-2024-1970,APP020,Application-020,ASSET-000970,host-000970.corp.local,10.3.60.202,solaris,Physical,False,Medium,Accepted Risk,True,False,True,owner10@example.com,sysadmin0@example.com,Finance,Development,us-east-1,2025-10-01,2025-10-24,True,Solaris,Solaris 11,Sample finding for vulnerability VULN-000970,2026-06-19
VULN-000990,CVE-2024-1990,APP040,Application-040,ASSET-000990,host-000990.corp.local,10.3.61.222,solaris,VM,False,High,Open,True,False,False,owner10@example.com,sysadmin0@example.com,Retail,Development,us-east-1,2026-02-26,2026-03-14,True,Solaris,Solaris 11,Sample finding for vulnerability VULN-000990,2026-06-12
VULN-001010,CVE-2024-2010,APP010,Application-010,ASSET-001010,host-001010.corp.local,10.3.63.242,aix,Container,False,Medium,Open,True,False,False,owner10@example.com,sysadmin0@example.com,Retail,Production,us-west-2,2026-02-23,2026-04-10,False,AIX,AIX 7.2,Sample finding for vulnerability VULN-001010,2026-06-25
VULN-001030,CVE-2024-2030,APP030,Application-030,ASSET-001030,host-001030.corp.local,10.4.64.6,windows,Physical,True,High,In Progress,False,False,False,owner10@example.com,sysadmin0@example.com,Finance,Production,eu-west-1,2026-06-01,2026-08-05,False,Windows,Windows Server 2022,Sample finding for vulnerability VULN-001030,2026-06-10
VULN-001050,CVE-2024-2050,APP000,Application-000,ASSET-001050,host-001050.corp.local,10.4.65.26,solaris,VM,False,Critical,Open,True,False,False,owner10@example.com,sysadmin0@example.com,HR,Production,eu-west-1,2026-03-28,2026-06-16,False,Solaris,Solaris 11,Sample finding for vulnerability VULN-001050,2026-06-15
VULN-001070,CVE-2024-2070,APP020,Application-020,ASSET-001070,host-001070.corp.local,10.4.66.46,linux,VM,False,Medium,Remediated,True,False,True,owner10@example.com,sysadmin0@example.com,HR,Staging,us-east-1,2025-07-03,2025-09-09,True,Linux,Ubuntu 22.04,Sample finding for vulnerability VULN-001070,2026-06-06
VULN-001090,CVE-2024-2090,APP040,Application-040,ASSET-001090,host-001090.corp.local,10.4.68.66,aix,Physical,True,High,Open,True,False,False,owner10@example.com,sysadmin0@example.com,Engineering,Production,ap-south-1,2026-03-26,2026-04-10,False,AIX,AIX 7.2,Sample finding for vulnerability VULN-001090,2026-05-26
VULN-001110,CVE-2024-2110,APP010,Application-010,ASSET-001110,host-001110.corp.local,10.4.69.86,windows,VM,False,Low,Accepted Risk,True,False,False,owner10@example.com,sysadmin0@example.com,Marketing,Production,us-east-1,2026-02-25,2026-03-17,False,Windows,Windows Server 2019,Sample finding for vulnerability VULN-001110,2026-06-01
VULN-001130,CVE-2024-2130,APP030,Application-030,ASSET-001130,host-001130.corp.local,10.4.70.106,linux,Physical,False,Medium,Accepted Risk,True,False,False,owner10@example.com,sysadmin0@example.com,HR,Development,us-west-2,2025-06-29,2025-09-26,False,Linux,RHEL 8,Sample finding for vulnerability VULN-001130,2026-06-17
VULN-001150,CVE-2024-2150,APP000,Application-000,ASSET-001150,host-001150.corp.local,10.4.71.126,aix,VM,False,Low,In Progress,True,False,False,owner10@example.com,sysadmin0@example.com,Marketing,Development,ap-south-1,2026-02-18,2026-04-17,False,AIX,AIX 7.2,Sample finding for vulnerability VULN-001150,2026-06-24
VULN-001170,CVE-2024-2170,APP020,Application-020,ASSET-001170,host-001170.corp.local,10.4.73.146,solaris,Container,False,Low,In Progress,False,False,False,owner10@example.com,sysadmin0@example.com,Finance,Staging,ap-south-1,2026-04-29,2026-07-21,False,Solaris,Solaris 11,Sample finding for vulnerability VULN-001170,2026-06-11
VULN-001190,CVE-2024-2190,APP040,Application-040,ASSET-001190,host-001190.corp.local,10.4.74.166,solaris,VM,False,Low,Accepted Risk,True,False,False,owner10@example.com,sysadmin0@example.com,HR,Production,us-east-1,2025-12-18,2026-01-31,False,Solaris,Solaris 11,Sample finding for vulnerability VULN-001190,2026-06-17
VULN-001210,CVE-2024-2210,APP010,Application-010,ASSET-001210,host-001210.corp.local,10.4.75.186,solaris,Physical,True,Low,Accepted Risk,True,False,False,owner10@example.com,sysadmin0@example.com,Marketing,Staging,eu-west-1,2026-03-02,2026-05-25,False,Solaris,Solaris 11,Sample finding for vulnerability VULN-001210,2026-06-06
VULN-001230,CVE-2024-2230,APP030,Application-030,ASSET-001230,host-001230.corp.local,10.4.76.206,linux,VM,False,Low,Accepted Risk,False,False,False,owner10@example.com,sysadmin0@example.com,Marketing,Production,us-east-1,2026-05-24,2026-07-15,False,Linux,Ubuntu 22.04,Sample finding for vulnerability VULN-001230,2026-05-30
VULN-001250,CVE-2024-2250,APP000,Application-000,ASSET-001250,host-001250.corp.local,10.4.78.226,solaris,Physical,False,High,In Progress,True,False,False,owner10@example.com,sysadmin0@example.com,Marketing,Staging,us-east-1,2026-01-17,2026-02-17,True,Solaris,Solaris 11,Sample finding for vulnerability VULN-001250,2026-05-31
VULN-001270,CVE-2024-2270,APP020,Application-020,ASSET-001270,host-001270.corp.local,10.4.79.246,aix,Container,False,Low,In Progress,True,False,False,owner10@example.com,sysadmin0@example.com,Marketing,Development,us-east-1,2025-07-03,2025-09-01,False,AIX,AIX 7.2,Sample finding for vulnerability VULN-001270,2026-06-23
VULN-001290,CVE-2024-2290,APP040,Application-040,ASSET-001290,host-001290.corp.local,10.5.80.10,windows,VM,False,Medium,Accepted Risk,False,False,True,owner10@example.com,sysadmin0@example.com,Engineering,Staging,ap-south-1,2026-04-28,2026-07-09,False,Windows,Windows Server 2022,Sample finding for vulnerability VULN-001290,2026-06-08
VULN-001310,CVE-2024-2310,APP010,Application-010,ASSET-001310,host-001310.corp.local,10.5.81.30,solaris,Physical,False,Medium,Open,True,False,True,owner10@example.com,sysadmin0@example.com,Marketing,Development,ap-south-1,2025-10-02,2025-12-19,False,Solaris,Solaris 11,Sample finding for vulnerability VULN-001310,2026-06-22
VULN-001330,CVE-2024-2330,APP030,Application-030,ASSET-001330,host-001330.corp.local,10.5.83.50,solaris,VM,True,Low,In Progress,True,False,False,owner10@example.com,sysadmin0@example.com,Engineering,Development,us-west-2,2025-09-28,2025-11-26,True,Solaris,Solaris 11,Sample finding for vulnerability VULN-001330,2026-06-13
VULN-001350,CVE-2024-2350,APP000,Application-000,ASSET-001350,host-001350.corp.local,10.5.84.70,aix,VM,False,Medium,Open,True,False,True,owner10@example.com,sysadmin0@example.com,HR,Staging,eu-west-1,2025-08-14,2025-10-24,False,AIX,AIX 7.2,Sample finding for vulnerability VULN-001350,2026-06-07
VULN-001370,CVE-2024-2370,APP020,Application-020,ASSET-001370,host-001370.corp.local,10.5.85.90,linux,Container,False,Low,Remediated,True,False,False,owner10@example.com,sysadmin0@example.com,Marketing,Development,us-west-2,2025-11-24,2025-12-14,False,Linux,RHEL 8,Sample finding for vulnerability VULN-001370,2026-06-05
VULN-001390,CVE-2024-2390,APP040,Application-040,ASSET-001390,host-001390.corp.local,10.5.86.110,aix,Physical,True,Medium,Remediated,True,False,False,owner10@example.com,sysadmin0@example.com,HR,Staging,eu-west-1,2025-10-19,2025-12-15,False,AIX,AIX 7.2,Sample finding for vulnerability VULN-001390,2026-06-24
VULN-001410,CVE-2024-2410,APP010,Application-010,ASSET-001410,host-001410.corp.local,10.5.88.130,linux,Container,True,High,In Progress,True,True,False,owner10@example.com,sysadmin0@example.com,Marketing,Development,ap-south-1,2025-07-30,2025-10-12,False,Linux,RHEL 8,Sample finding for vulnerability VULN-001410,2026-05-28
VULN-001430,CVE-2024-2430,APP030,Application-030,ASSET-001430,host-001430.corp.local,10.5.89.150,linux,Physical,False,Low,Open,True,False,False,owner10@example.com,sysadmin0@example.com,Finance,Production,eu-west-1,2026-05-05,2026-06-19,False,Linux,Ubuntu 22.04,Sample finding for vulnerability VULN-001430,2026-06-08
VULN-001450,CVE-2024-2450,APP000,Application-000,ASSET-001450,host-001450.corp.local,10.5.90.170,solaris,Container,False,Medium,Accepted Risk,True,False,False,owner10@example.com,sysadmin0@example.com,Retail,Staging,us-west-2,2025-08-12,2025-11-01,True,Solaris,Solaris 11,Sample finding for vulnerability VULN-001450,2026-06-11
VULN-001470,CVE-2024-2470,APP020,Application-020,ASSET-001470,host-001470.corp.local,10.5.91.190,linux,Container,True,High,In Progress,True,False,True,owner10@example.com,sysadmin0@example.com,Retail,Staging,ap-south-1,2025-11-07,2026-01-24,False,Linux,RHEL 8,Sample finding for vulnerability VULN-001470,2026-06-21
VULN-001490,CVE-2024-2490,APP040,Application-040,ASSET-001490,host-001490.corp.local,10.5.93.210,aix,VM,False,Medium,Accepted Risk,True,False,False,owner10@example.com,sysadmin0@example.com,Finance,Production,us-east-1,2025-09-28,2025-11-11,False,AIX,AIX 7.2,Sample finding for vulnerability VULN-001490,2026-06-24
VULN-001510,CVE-2024-2510,APP010,Application-010,ASSET-001510,host-001510.corp.local,10.5.94.230,aix,Container,False,Critical,Open,True,False,False,owner10@example.com,sysadmin0@example.com,Retail,Production,us-east-1,2025-08-12,2025-09-13,False,AIX,AIX 7.2,Sample finding for vulnerability VULN-001510,2026-06-03
VULN-001530,CVE-2024-2530,APP030,Application-030,ASSET-001530,host-001530.corp.local,10.5.95.250,solaris,Container,False,High,Accepted Risk,True,False,False,owner10@example.com,sysadmin0@example.com,HR,Staging,us-west-2,2025-09-04,2025-10-30,False,Solaris,Solaris 11,Sample finding for vulnerability VULN-001530,2026-05-31
VULN-001550,CVE-2024-2550,APP000,Application-000,ASSET-001550,host-001550.corp.local,10.6.96.14,linux,VM,False,Medium,Open,True,False,False,owner10@example.com,sysadmin0@example.com,Engineering,Production,us-west-2,2025-08-22,2025-09-17,True,Linux,Ubuntu 22.04,Sample finding for vulnerability VULN-001550,2026-06-10
VULN-001570,CVE-2024-2570,APP020,Application-020,ASSET-001570,host-001570.corp.local,10.6.98.34,linux,Physical,False,High,Open,True,False,False,owner10@example.com,sysadmin0@example.com,Finance,Production,ap-south-1,2025-07-15,2025-08-17,False,Linux,Ubuntu 22.04,Sample finding for vulnerability VULN-001570,2026-06-15
VULN-001590,CVE-2024-2590,APP040,Application-040,ASSET-001590,host-001590.corp.local,10.6.99.54,solaris,Container,True,Medium,Open,True,False,False,owner10@example.com,sysadmin0@example.com,Retail,Production,ap-south-1,2025-10-26,2025-11-12,True,Solaris,Solaris 11,Sample finding for vulnerability VULN-001590,2026-06-12
VULN-001610,CVE-2024-2610,APP010,Application-010,ASSET-001610,host-001610.corp.local,10.6.100.74,linux,Container,False,Low,Open,True,False,False,owner10@example.com,sysadmin0@example.com,HR,Development,us-east-1,2025-12-06,2026-02-10,False,Linux,RHEL 8,Sample finding for vulnerability VULN-001610,2026-06-07
VULN-001630,CVE-2024-2630,APP030,Application-030,ASSET-001630,host-001630.corp.local,10.6.101.94,linux,Container,False,Medium,Remediated,False,False,False,owner10@example.com,sysadmin0@example.com,Marketing,Production,eu-west-1,2026-06-11,2026-09-02,False,Linux,RHEL 8,Sample finding for vulnerability VULN-001630,2026-06-17
VULN-001650,CVE-2024-2650,APP000,Application-000,ASSET-001650,host-001650.corp.local,10.6.103.114,linux,VM,False,Low,In Progress,True,False,False,owner10@example.com,sysadmin0@example.com,Engineering,Production,ap-south-1,2025-10-05,2025-11-12,False,Linux,RHEL 8,Sample finding for vulnerability VULN-001650,2026-06-13
VULN-001670,CVE-2024-2670,APP020,Application-020,ASSET-001670,host-001670.corp.local,10.6.104.134,linux,Container,True,Low,Remediated,True,False,False,owner10@example.com,sysadmin0@example.com,Finance,Staging,eu-west-1,2025-09-23,2025-12-02,False,Linux,Ubuntu 22.04,Sample finding for vulnerability VULN-001670,2026-06-10
VULN-001690,CVE-2024-2690,APP040,Application-040,ASSET-001690,host-001690.corp.local,10.6.105.154,windows,Physical,False,High,Open,True,False,False,owner10@example.com,sysadmin0@example.com,Engineering,Production,eu-west-1,2025-12-10,2026-03-03,False,Windows,Windows Server 2019,Sample finding for vulnerability VULN-001690,2026-06-03
VULN-001710,CVE-2024-2710,APP010,Application-010,ASSET-001710,host-001710.corp.local,10.6.106.174,windows,Physical,False,Critical,Open,True,True,True,owner10@example.com,sysadmin0@example.com,HR,Development,us-east-1,2026-01-17,2026-01-25,True,Windows,Windows Server 2022,Sample finding for vulnerability VULN-001710,2026-06-20
VULN-001730,CVE-2024-2730,APP030,Application-030,ASSET-001730,host-001730.corp.local,10.6.108.194,solaris,Container,False,High,Accepted Risk,True,True,False,owner10@example.com,sysadmin0@example.com,HR,Development,eu-west-1,2026-05-03,2026-06-07,False,Solaris,Solaris 11,Sample finding for vulnerability VULN-001730,2026-06-03
VULN-001750,CVE-2024-2750,APP000,Application-000,ASSET-001750,host-001750.corp.local,10.6.109.214,linux,VM,False,Medium,Remediated,True,False,False,owner10@example.com,sysadmin0@example.com,Finance,Staging,eu-west-1,2025-09-21,2025-11-08,True,Linux,RHEL 8,Sample finding for vulnerability VULN-001750,2026-06-15
VULN-001770,CVE-2024-2770,APP020,Application-020,ASSET-001770,host-001770.corp.local,10.6.110.234,windows,VM,False,Medium,In Progress,True,False,True,owner10@example.com,sysadmin0@example.com,HR,Production,eu-west-1,2025-07-06,2025-09-23,True,Windows,Windows Server 2022,Sample finding for vulnerability VULN-001770,2026-06-18
VULN-001790,CVE-2024-2790,APP040,Application-040,ASSET-001790,host-001790.corp.local,10.6.111.254,solaris,VM,False,Low,Open,True,False,False,owner10@example.com,sysadmin0@example.com,HR,Production,eu-west-1,2025-11-09,2026-01-24,False,Solaris,Solaris 11,Sample finding for vulnerability VULN-001790,2026-06-06
VULN-001810,CVE-2024-2810,APP010,Application-010,ASSET-001810,host-001810.corp.local,10.7.113.18,windows,VM,True,Low,Open,True,False,False,owner10@example.com,sysadmin0@example.com,HR,Development,us-east-1,2026-01-28,2026-03-26,True,Windows,Windows Server 2022,Sample finding for vulnerability VULN-001810,2026-06-13
VULN-001830,CVE-2024-2830,APP030,Application-030,ASSET-001830,host-001830.corp.local,10.7.114.38,linux,Container,False,Low,Accepted Risk,True,False,False,owner10@example.com,sysadmin0@example.com,Finance,Production,eu-west-1,2026-03-23,2026-04-12,False,Linux,Ubuntu 22.04,Sample finding for vulnerability VULN-001830,2026-05-29
VULN-001850,CVE-2024-2850,APP000,Application-000,ASSET-001850,host-001850.corp.local,10.7.115.58,linux,Physical,False,Low,Open,True,False,True,owner10@example.com,sysadmin0@example.com,Finance,Development,us-east-1,2026-04-12,2026-04-19,False,Linux,RHEL 8,Sample finding for vulnerability VULN-001850,2026-06-07
VULN-001870,CVE-2024-2870,APP020,Application-020,ASSET-001870,host-001870.corp.local,10.7.116.78,windows,Physical,False,High,Open,False,False,False,owner10@example.com,sysadmin0@example.com,HR,Staging,us-east-1,2026-06-04,2026-08-15,False,Windows,Windows Server 2022,Sample finding for vulnerability VULN-001870,2026-06-11
VULN-001890,CVE-2024-2890,APP040,Application-040,ASSET-001890,host-001890.corp.local,10.7.118.98,linux,Container,False,Low,Accepted Risk,True,False,True,owner10@example.com,sysadmin0@example.com,Finance,Production,ap-south-1,2026-03-13,2026-05-16,True,Linux,Ubuntu 22.04,Sample finding for vulnerability VULN-001890,2026-06-24
VULN-001910,CVE-2024-2910,APP010,Application-010,ASSET-001910,host-001910.corp.local,10.7.119.118,linux,Container,True,High,Accepted Risk,True,False,True,owner10@example.com,sysadmin0@example.com,Finance,Production,eu-west-1,2025-08-14,2025-10-06,True,Linux,Ubuntu 22.04,Sample finding for vulnerability VULN-001910,2026-06-04
VULN-001930,CVE-2024-2930,APP030,Application-030,ASSET-001930,host-001930.corp.local,10.7.120.138,linux,VM,False,Medium,Open,True,True,False,owner10@example.com,sysadmin0@example.com,Finance,Development,ap-south-1,2026-01-30,2026-02-22,False,Linux,RHEL 8,Sample finding for vulnerability VULN-001930,2026-06-23
VULN-001950,CVE-2024-2950,APP000,Application-000,ASSET-001950,host-001950.corp.local,10.7.121.158,windows,VM,False,Low,In Progress,True,False,False,owner10@example.com,sysadmin0@example.com,Finance,Staging,us-west-2,2026-01-09,2026-03-17,False,Windows,Windows Server 2022,Sample finding for vulnerability VULN-001950,2026-06-25
VULN-001970,CVE-2024-2970,APP020,Application-020,ASSET-001970,host-001970.corp.local,10.7.123.178,solaris,VM,False,Medium,Remediated,True,False,False,owner10@example.com,sysadmin0@example.com,Engineering,Development,us-east-1,2026-01-20,2026-02-16,False,Solaris,Solaris 11,Sample finding for vulnerability VULN-001970,2026-06-09
VULN-001990,CVE-2024-2990,APP040,Application-040,ASSET-001990,host-001990.corp.local,10.7.124.198,linux,VM,False,Medium,Accepted Risk,True,False,False,owner10@example.com,sysadmin0@example.com,HR,Development,ap-south-1,2026-01-03,2026-02-28,True,Linux,RHEL 8,Sample finding for vulnerability VULN-001990,2026-06-18
VULN-002010,CVE-2024-3010,APP010,Application-010,ASSET-002010,host-002010.corp.local,10.7.125.218,solaris,VM,False,Medium,Open,True,False,False,owner10@example.com,sysadmin0@example.com,Engineering,Production,us-west-2,2026-01-08,2026-04-06,True,Solaris,Solaris 11,Sample finding for vulnerability VULN-002010,2026-06-09
VULN-002030,CVE-2024-3030,APP030,Application-030,ASSET-002030,host-002030.corp.local,10.7.126.238,solaris,Container,False,Low,Accepted Risk,True,False,False,owner10@example.com,sysadmin0@example.com,Finance,Production,ap-south-1,2026-02-17,2026-04-14,False,Solaris,Solaris 11,Sample finding for vulnerability VULN-002030,2026-05-27
VULN-002050,CVE-2024-3050,APP000,Application-000,ASSET-002050,host-002050.corp.local,10.8.128.2,linux,Physical,False,Low,Remediated,True,False,False,owner10@example.com,sysadmin0@example.com,HR,Production,ap-south-1,2026-04-05,2026-04-28,False,Linux,Ubuntu 22.04,Sample finding for vulnerability VULN-002050,2026-05-26
VULN-002070,CVE-2024-3070,APP020,Application-020,ASSET-002070,host-002070.corp.local,10.8.129.22,linux,Physical,False,Low,Remediated,True,False,True,owner10@example.com,sysadmin0@example.com,Engineering,Development,us-east-1,2025-12-06,2026-01-20,False,Linux,RHEL 8,Sample finding for vulnerability VULN-002070,2026-06-16
VULN-002090,CVE-2024-3090,APP040,Application-040,ASSET-002090,host-002090.corp.local,10.8.130.42,aix,Container,True,Low,Open,True,False,False,owner10@example.com,sysadmin0@example.com,Engineering,Staging,eu-west-1,2025-10-01,2025-12-16,False,AIX,AIX 7.2,Sample finding for vulnerability VULN-002090,2026-06-11
VULN-002110,CVE-2024-3110,APP010,Application-010,ASSET-002110,host-002110.corp.local,10.8.131.62,aix,Physical,False,High,Accepted Risk,True,False,True,owner10@example.com,sysadmin0@example.com,Marketing,Production,eu-west-1,2025-09-20,2025-10-08,False,AIX,AIX 7.2,Sample finding for vulnerability VULN-002110,2026-05-27
VULN-002130,CVE-2024-3130,APP030,Application-030,ASSET-002130,host-002130.corp.local,10.8.133.82,linux,Container,False,Critical,Open,True,False,False,owner10@example.com,sysadmin0@example.com,Retail,Development,eu-west-1,2026-03-20,2026-06-16,True,Linux,Ubuntu 22.04,Sample finding for vulnerability VULN-002130,2026-06-02
VULN-002150,CVE-2024-3150,APP000,Application-000,ASSET-002150,host-002150.corp.local,10.8.134.102,linux,Container,False,Low,Accepted Risk,True,False,False,owner10@example.com,sysadmin0@example.com,Retail,Production,us-west-2,2025-07-24,2025-09-24,False,Linux,RHEL 8,Sample finding for vulnerability VULN-002150,2026-06-10
VULN-002170,CVE-2024-3170,APP020,Application-020,ASSET-002170,host-002170.corp.local,10.8.135.122,linux,Container,False,Medium,Remediated,True,False,False,owner10@example.com,sysadmin0@example.com,HR,Development,us-east-1,2026-03-19,2026-04-19,True,Linux,Ubuntu 22.04,Sample finding for vulnerability VULN-002170,2026-06-09
VULN-002190,CVE-2024-3190,APP040,Application-040,ASSET-002190,host-002190.corp.local,10.8.136.142,solaris,VM,False,High,In Progress,True,False,True,owner10@example.com,sysadmin0@example.com,Retail,Development,eu-west-1,2025-07-04,2025-08-30,False,Solaris,Solaris 11,Sample finding for vulnerability VULN-002190,2026-06-16
VULN-002210,CVE-2024-3210,APP010,Application-010,ASSET-002210,host-002210.corp.local,10.8.138.162,aix,VM,True,High,In Progress,True,False,False,owner10@example.com,sysadmin0@example.com,Retail,Production,eu-west-1,2026-02-04,2026-04-24,False,AIX,AIX 7.2,Sample finding for vulnerability VULN-002210,2026-06-03
VULN-002230,CVE-2024-3230,APP030,Application-030,ASSET-002230,host-002230.corp.local,10.8.139.182,linux,Physical,False,High,Open,True,False,False,owner10@example.com,sysadmin0@example.com,HR,Production,ap-south-1,2025-07-16,2025-08-27,True,Linux,Ubuntu 22.04,Sample finding for vulnerability VULN-002230,2026-06-22
VULN-002250,CVE-2024-3250,APP000,Application-000,ASSET-002250,host-002250.corp.local,10.8.140.202,aix,Physical,False,High,Open,True,False,False,owner10@example.com,sysadmin0@example.com,Marketing,Staging,us-east-1,2026-05-02,2026-06-01,False,AIX,AIX 7.2,Sample finding for vulnerability VULN-002250,2026-06-15
VULN-002270,CVE-2024-3270,APP020,Application-020,ASSET-002270,host-002270.corp.local,10.8.141.222,windows,Container,False,High,Accepted Risk,False,False,False,owner10@example.com,sysadmin0@example.com,Finance,Staging,us-east-1,2026-06-25,2026-09-18,True,Windows,Windows Server 2019,Sample finding for vulnerability VULN-002270,2026-06-18
VULN-002290,CVE-2024-3290,APP040,Application-040,ASSET-002290,host-002290.corp.local,10.8.143.242,windows,Container,False,Medium,Open,True,True,False,owner10@example.com,sysadmin0@example.com,Marketing,Staging,us-east-1,2025-12-10,2026-03-03,False,Windows,Windows Server 2019,Sample finding for vulnerability VULN-002290,2026-06-24
VULN-002310,CVE-2024-3310,APP010,Application-010,ASSET-002310,host-002310.corp.local,10.9.144.6,linux,VM,True,Low,In Progress,True,False,False,owner10@example.com,sysadmin0@example.com,Engineering,Development,eu-west-1,2025-10-03,2025-10-21,True,Linux,RHEL 8,Sample finding for vulnerability VULN-002310,2026-06-18
VULN-002330,CVE-2024-3330,APP030,Application-030,ASSET-002330,host-002330.corp.local,10.9.145.26,linux,VM,False,High,Open,True,False,False,owner10@example.com,sysadmin0@example.com,Finance,Staging,eu-west-1,2025-12-14,2026-02-10,True,Linux,RHEL 8,Sample finding for vulnerability VULN-002330,2026-06-19
VULN-002350,CVE-2024-3350,APP000,Application-000,ASSET-002350,host-002350.corp.local,10.9.146.46,windows,VM,False,Medium,Remediated,True,False,False,owner10@example.com,sysadmin0@example.com,Engineering,Staging,us-east-1,2025-10-14,2026-01-10,False,Windows,Windows Server 2022,Sample finding for vulnerability VULN-002350,2026-05-29
VULN-002370,CVE-2024-3370,APP020,Application-020,ASSET-002370,host-002370.corp.local,10.9.148.66,solaris,Physical,False,High,In Progress,True,True,False,owner10@example.com,sysadmin0@example.com,Engineering,Staging,us-west-2,2025-11-22,2026-01-24,False,Solaris,Solaris 11,Sample finding for vulnerability VULN-002370,2026-06-04
VULN-002390,CVE-2024-3390,APP040,Application-040,ASSET-002390,host-002390.corp.local,10.9.149.86,solaris,Container,False,High,Open,True,False,False,owner10@example.com,sysadmin0@example.com,Finance,Development,us-east-1,2025-08-01,2025-09-29,False,Solaris,Solaris 11,Sample finding for vulnerability VULN-002390,2026-06-10
VULN-002410,CVE-2024-3410,APP010,Application-010,ASSET-002410,host-002410.corp.local,10.9.150.106,linux,Physical,False,Low,Open,True,True,False,owner10@example.com,sysadmin0@example.com,HR,Production,eu-west-1,2026-04-05,2026-05-18,False,Linux,Ubuntu 22.04,Sample finding for vulnerability VULN-002410,2026-06-03
VULN-002430,CVE-2024-3430,APP030,Application-030,ASSET-002430,host-002430.corp.local,10.9.151.126,solaris,Physical,True,Medium,Open,True,True,False,owner10@example.com,sysadmin0@example.com,Marketing,Production,eu-west-1,2026-02-11,2026-05-10,True,Solaris,Solaris 11,Sample finding for vulnerability VULN-002430,2026-06-24
VULN-002450,CVE-2024-3450,APP000,Application-000,ASSET-002450,host-002450.corp.local,10.9.153.146,windows,Container,True,Low,Remediated,True,False,False,owner10@example.com,sysadmin0@example.com,Retail,Production,ap-south-1,2025-08-07,2025-10-30,False,Windows,Windows Server 2022,Sample finding for vulnerability VULN-002450,2026-06-22
VULN-002470,CVE-2024-3470,APP020,Application-020,ASSET-002470,host-002470.corp.local,10.9.154.166,windows,Physical,False,High,Open,True,False,False,owner10@example.com,sysadmin0@example.com,Retail,Production,eu-west-1,2025-08-22,2025-09-22,True,Windows,Windows Server 2019,Sample finding for vulnerability VULN-002470,2026-06-03
VULN-002490,CVE-2024-3490,APP040,Application-040,ASSET-002490,host-002490.corp.local,10.9.155.186,linux,Container,False,Low,In Progress,True,False,False,owner10@example.com,sysadmin0@example.com,Retail,Production,us-west-2,2025-12-24,2026-01-05,False,Linux,RHEL 8,Sample finding for vulnerability VULN-002490,2026-06-20
VULN-002510,CVE-2024-3510,APP010,Application-010,ASSET-002510,host-002510.corp.local,10.9.156.206,linux,VM,True,Medium,In Progress,True,False,True,owner10@example.com,sysadmin0@example.com,HR,Production,ap-south-1,2025-07-03,2025-09-17,False,Linux,Ubuntu 22.04,Sample finding for vulnerability VULN-002510,2026-06-23
VULN-002530,CVE-2024-3530,APP030,Application-030,ASSET-002530,host-002530.corp.local,10.9.158.226,linux,VM,False,Low,Remediated,True,True,False,owner10@example.com,sysadmin0@example.com,Marketing,Production,ap-south-1,2025-10-02,2025-10-15,True,Linux,RHEL 8,Sample finding for vulnerability VULN-002530,2026-06-25
VULN-002550,CVE-2024-3550,APP000,Application-000,ASSET-002550,host-002550.corp.local,10.9.159.246,linux,Physical,False,Critical,Open,True,True,True,owner10@example.com,sysadmin0@example.com,Marketing,Staging,ap-south-1,2025-09-14,2025-11-04,False,Linux,RHEL 8,Sample finding for vulnerability VULN-002550,2026-06-16
VULN-002570,CVE-2024-3570,APP020,Application-020,ASSET-002570,host-002570.corp.local,10.10.160.10,linux,Container,True,Low,Remediated,False,True,False,owner10@example.com,sysadmin0@example.com,Marketing,Staging,ap-south-1,2026-06-14,2026-06-30,True,Linux,RHEL 8,Sample finding for vulnerability VULN-002570,2026-06-11
VULN-002590,CVE-2024-3590,APP040,Application-040,ASSET-002590,host-002590.corp.local,10.10.161.30,solaris,Container,False,High,In Progress,True,False,False,owner10@example.com,sysadmin0@example.com,Engineering,Staging,us-west-2,2026-03-13,2026-05-11,True,Solaris,Solaris 11,Sample finding for vulnerability VULN-002590,2026-06-11
VULN-002610,CVE-2024-3610,APP010,Application-010,ASSET-002610,host-002610.corp.local,10.10.163.50,aix,VM,False,Critical,Remediated,True,False,False,owner10@example.com,sysadmin0@example.com,Marketing,Staging,us-west-2,2026-01-28,2026-03-30,False,AIX,AIX 7.2,Sample finding for vulnerability VULN-002610,2026-06-05
VULN-002630,CVE-2024-3630,APP030,Application-030,ASSET-002630,host-002630.corp.local,10.10.164.70,aix,Container,False,Medium,Open,True,False,False,owner10@example.com,sysadmin0@example.com,Engineering,Production,ap-south-1,2026-02-03,2026-04-21,False,AIX,AIX 7.2,Sample finding for vulnerability VULN-002630,2026-05-28
VULN-002650,CVE-2024-3650,APP000,Application-000,ASSET-002650,host-002650.corp.local,10.10.165.90,windows,Container,False,Medium,Open,True,False,False,owner10@example.com,sysadmin0@example.com,Marketing,Production,us-east-1,2026-03-01,2026-04-05,False,Windows,Windows Server 2022,Sample finding for vulnerability VULN-002650,2026-06-12
VULN-002670,CVE-2024-3670,APP020,Application-020,ASSET-002670,host-002670.corp.local,10.10.166.110,linux,Physical,False,Medium,Accepted Risk,False,True,True,owner10@example.com,sysadmin0@example.com,Engineering,Production,eu-west-1,2026-05-23,2026-08-08,True,Linux,Ubuntu 22.04,Sample finding for vulnerability VULN-002670,2026-05-29
VULN-002690,CVE-2024-3690,APP040,Application-040,ASSET-002690,host-002690.corp.local,10.10.168.130,linux,Container,False,High,Accepted Risk,True,False,False,owner10@example.com,sysadmin0@example.com,Engineering,Staging,eu-west-1,2025-11-25,2025-12-02,False,Linux,Ubuntu 22.04,Sample finding for vulnerability VULN-002690,2026-06-19
VULN-002710,CVE-2024-3710,APP010,Application-010,ASSET-002710,host-002710.corp.local,10.10.169.150,windows,Physical,False,High,Remediated,True,False,False,owner10@example.com,sysadmin0@example.com,Finance,Development,ap-south-1,2025-11-16,2025-11-28,False,Windows,Windows Server 2019,Sample finding for vulnerability VULN-002710,2026-06-17
VULN-002730,CVE-2024-3730,APP030,Application-030,ASSET-002730,host-002730.corp.local,10.10.170.170,linux,Container,True,Low,Open,True,False,False,owner10@example.com,sysadmin0@example.com,HR,Staging,us-east-1,2025-12-04,2026-02-28,False,Linux,RHEL 8,Sample finding for vulnerability VULN-002730,2026-06-15
VULN-002750,CVE-2024-3750,APP000,Application-000,ASSET-002750,host-002750.corp.local,10.10.171.190,aix,Container,True,Medium,Accepted Risk,True,False,False,owner10@example.com,sysadmin0@example.com,Engineering,Production,us-west-2,2026-04-20,2026-06-17,True,AIX,AIX 7.2,Sample finding for vulnerability VULN-002750,2026-06-06
VULN-002770,CVE-2024-3770,APP020,Application-020,ASSET-002770,host-002770.corp.local,10.10.173.210,aix,Physical,False,High,In Progress,True,False,False,owner10@example.com,sysadmin0@example.com,Retail,Staging,us-west-2,2026-03-17,2026-03-31,False,AIX,AIX 7.2,Sample finding for vulnerability VULN-002770,2026-06-01
VULN-002790,CVE-2024-3790,APP040,Application-040,ASSET-002790,host-002790.corp.local,10.10.174.230,linux,Container,False,Medium,Remediated,True,False,False,owner10@example.com,sysadmin0@example.com,HR,Staging,us-east-1,2026-05-01,2026-05-31,True,Linux,RHEL 8,Sample finding for vulnerability VULN-002790,2026-06-25
VULN-002810,CVE-2024-3810,APP010,Application-010,ASSET-002810,host-002810.corp.local,10.10.175.250,solaris,VM,False,Medium,Remediated,True,False,False,owner10@example.com,sysadmin0@example.com,Finance,Production,eu-west-1,2025-09-30,2025-11-22,True,Solaris,Solaris 11,Sample finding for vulnerability VULN-002810,2026-06-17
VULN-002830,CVE-2024-3830,APP030,Application-030,ASSET-002830,host-002830.corp.local,10.11.176.14,solaris,VM,False,Low,Remediated,True,False,False,owner10@example.com,sysadmin0@example.com,Engineering,Production,ap-south-1,2025-08-26,2025-09-05,False,Solaris,Solaris 11,Sample finding for vulnerability VULN-002830,2026-05-30
VULN-002850,CVE-2024-3850,APP000,Application-000,ASSET-002850,host-002850.corp.local,10.11.178.34,solaris,VM,False,Low,Remediated,True,True,False,owner10@example.com,sysadmin0@example.com,Finance,Staging,ap-south-1,2026-02-17,2026-04-27,False,Solaris,Solaris 11,Sample finding for vulnerability VULN-002850,2026-05-29
VULN-002870,CVE-2024-3870,APP020,Application-020,ASSET-002870,host-002870.corp.local,10.11.179.54,linux,Physical,False,Medium,Open,False,False,False,owner10@example.com,sysadmin0@example.com,Retail,Staging,us-east-1,2026-05-11,2026-07-02,True,Linux,Ubuntu 22.04,Sample finding for vulnerability VULN-002870,2026-06-19
VULN-002890,CVE-2024-3890,APP040,Application-040,ASSET-002890,host-002890.corp.local,10.11.180.74,windows,VM,False,Medium,Accepted Risk,True,False,False,owner10@example.com,sysadmin0@example.com,Engineering,Staging,us-east-1,2026-02-10,2026-03-23,False,Windows,Windows Server 2022,Sample finding for vulnerability VULN-002890,2026-05-27
VULN-002910,CVE-2024-3910,APP010,Application-010,ASSET-002910,host-002910.corp.local,10.11.181.94,linux,VM,False,High,Remediated,True,False,True,owner10@example.com,sysadmin0@example.com,Engineering,Staging,eu-west-1,2025-10-24,2026-01-16,False,Linux,Ubuntu 22.04,Sample finding for vulnerability VULN-002910,2026-06-16
VULN-002930,CVE-2024-3930,APP030,Application-030,ASSET-002930,host-002930.corp.local,10.11.183.114,windows,Container,False,Medium,Open,True,False,False,owner10@example.com,sysadmin0@example.com,Retail,Staging,eu-west-1,2026-02-08,2026-04-17,False,Windows,Windows Server 2022,Sample finding for vulnerability VULN-002930,2026-06-21
VULN-002950,CVE-2024-3950,APP000,Application-000,ASSET-002950,host-002950.corp.local,10.11.184.134,linux,Physical,False,High,Remediated,True,False,True,owner10@example.com,sysadmin0@example.com,Finance,Production,us-west-2,2025-11-18,2025-12-01,False,Linux,RHEL 8,Sample finding for vulnerability VULN-002950,2026-06-09
VULN-002970,CVE-2024-3970,APP020,Application-020,ASSET-002970,host-002970.corp.local,10.11.185.154,linux,Container,False,High,Accepted Risk,True,False,False,owner10@example.com,sysadmin0@example.com,HR,Development,ap-south-1,2025-08-25,2025-10-01,False,Linux,RHEL 8,Sample finding for vulnerability VULN-002970,2026-06-22
VULN-002990,CVE-2024-3990,APP040,Application-040,ASSET-002990,host-002990.corp.local,10.11.186.174,solaris,Container,False,Medium,In Progress,True,False,False,owner10@example.com,sysadmin0@example.com,Engineering,Development,ap-south-1,2025-12-14,2026-01-17,False,Solaris,Solaris 11,Sample finding for vulnerability VULN-002990,2026-06-15
VULN-003010,CVE-2024-4010,APP010,Application-010,ASSET-003010,host-003010.corp.local,10.11.188.194,linux,Physical,False,High,Accepted Risk,True,False,True,owner10@example.com,sysadmin0@example.com,Marketing,Production,us-west-2,2025-07-20,2025-10-18,False,Linux,Ubuntu 22.04,Sample finding for vulnerability VULN-003010,2026-06-02
VULN-003030,CVE-2024-4030,APP030,Application-030,ASSET-003030,host-003030.corp.local,10.11.189.214,aix,VM,True,Critical,Open,True,False,True,owner10@example.com,sysadmin0@example.com,HR,Production,eu-west-1,2026-02-04,2026-03-08,False,AIX,AIX 7.2,Sample finding for vulnerability VULN-003030,2026-06-11
VULN-003050,CVE-2024-4050,APP000,Application-000,ASSET-003050,host-003050.corp.local,10.11.190.234,linux,Physical,False,High,Accepted Risk,False,False,True,owner10@example.com,sysadmin0@example.com,Retail,Development,us-west-2,2026-06-05,2026-08-16,False,Linux,Ubuntu 22.04,Sample finding for vulnerability VULN-003050,2026-06-16
VULN-003070,CVE-2024-4070,APP020,Application-020,ASSET-003070,host-003070.corp.local,10.11.191.254,aix,VM,False,High,Open,True,False,False,owner10@example.com,sysadmin0@example.com,HR,Production,us-east-1,2025-09-08,2025-10-15,False,AIX,AIX 7.2,Sample finding for vulnerability VULN-003070,2026-06-11
VULN-003090,CVE-2024-4090,APP040,Application-040,ASSET-003090,host-003090.corp.local,10.12.193.18,linux,Container,True,High,Open,True,False,False,owner10@example.com,sysadmin0@example.com,Retail,Development,eu-west-1,2026-05-04,2026-05-14,False,Linux,Ubuntu 22.04,Sample finding for vulnerability VULN-003090,2026-06-15
VULN-003110,CVE-2024-4110,APP010,Application-010,ASSET-003110,host-003110.corp.local,10.12.194.38,solaris,Physical,False,Medium,In Progress,True,True,False,owner10@example.com,sysadmin0@example.com,Retail,Staging,us-east-1,2026-01-30,2026-03-26,False,Solaris,Solaris 11,Sample finding for vulnerability VULN-003110,2026-06-19
VULN-003130,CVE-2024-4130,APP030,Application-030,ASSET-003130,host-003130.corp.local,10.12.195.58,linux,Physical,False,High,Remediated,True,False,False,owner10@example.com,sysadmin0@example.com,Retail,Staging,us-west-2,2025-11-20,2026-01-16,False,Linux,RHEL 8,Sample finding for vulnerability VULN-003130,2026-06-17
VULN-003150,CVE-2024-4150,APP000,Application-000,ASSET-003150,host-003150.corp.local,10.12.196.78,linux,Physical,False,Medium,Open,True,False,False,owner10@example.com,sysadmin0@example.com,Marketing,Development,ap-south-1,2025-10-25,2025-12-07,True,Linux,Ubuntu 22.04,Sample finding for vulnerability VULN-003150,2026-06-17
VULN-003170,CVE-2024-4170,APP020,Application-020,ASSET-003170,host-003170.corp.local,10.12.198.98,linux,VM,False,High,In Progress,True,False,True,owner10@example.com,sysadmin0@example.com,Finance,Production,ap-south-1,2026-01-09,2026-03-03,True,Linux,RHEL 8,Sample finding for vulnerability VULN-003170,2026-06-11
VULN-003190,CVE-2024-4190,APP040,Application-040,ASSET-003190,host-003190.corp.local,10.12.199.118,windows,Container,True,Low,In Progress,True,False,False,owner10@example.com,sysadmin0@example.com,Engineering,Development,eu-west-1,2026-01-05,2026-01-17,False,Windows,Windows Server 2019,Sample finding for vulnerability VULN-003190,2026-05-31
VULN-003210,CVE-2024-4210,APP010,Application-010,ASSET-003210,host-003210.corp.local,10.12.200.138,solaris,Container,False,Medium,Accepted Risk,True,False,False,owner10@example.com,sysadmin0@example.com,HR,Development,us-west-2,2025-11-05,2025-12-12,False,Solaris,Solaris 11,Sample finding for vulnerability VULN-003210,2026-06-23
VULN-003230,CVE-2024-4230,APP030,Application-030,ASSET-003230,host-003230.corp.local,10.12.201.158,linux,VM,False,Low,In Progress,True,False,False,owner10@example.com,sysadmin0@example.com,HR,Staging,us-west-2,2026-03-30,2026-05-05,True,Linux,RHEL 8,Sample finding for vulnerability VULN-003230,2026-06-09
VULN-003250,CVE-2024-4250,APP000,Application-000,ASSET-003250,host-003250.corp.local,10.12.203.178,windows,Physical,False,Medium,In Progress,True,False,False,owner10@example.com,sysadmin0@example.com,HR,Staging,us-east-1,2026-02-19,2026-03-20,False,Windows,Windows Server 2019,Sample finding for vulnerability VULN-003250,2026-06-05
VULN-003270,CVE-2024-4270,APP020,Application-020,ASSET-003270,host-003270.corp.local,10.12.204.198,windows,VM,False,High,In Progress,False,False,True,owner10@example.com,sysadmin0@example.com,Marketing,Production,us-west-2,2026-04-17,2026-07-09,False,Windows,Windows Server 2019,Sample finding for vulnerability VULN-003270,2026-06-16
VULN-003290,CVE-2024-4290,APP040,Application-040,ASSET-003290,host-003290.corp.local,10.12.205.218,windows,VM,False,High,In Progress,True,False,False,owner10@example.com,sysadmin0@example.com,HR,Development,eu-west-1,2025-08-21,2025-09-12,False,Windows,Windows Server 2019,Sample finding for vulnerability VULN-003290,2026-05-31
VULN-003310,CVE-2024-4310,APP010,Application-010,ASSET-003310,host-003310.corp.local,10.12.206.238,aix,Container,False,High,Remediated,True,False,False,owner10@example.com,sysadmin0@example.com,Marketing,Staging,eu-west-1,2026-02-19,2026-05-02,False,AIX,AIX 7.2,Sample finding for vulnerability VULN-003310,2026-06-06
VULN-003330,CVE-2024-4330,APP030,Application-030,ASSET-003330,host-003330.corp.local,10.13.208.2,solaris,VM,False,High,In Progress,True,False,False,owner10@example.com,sysadmin0@example.com,Retail,Development,us-east-1,2025-09-22,2025-11-06,True,Solaris,Solaris 11,Sample finding for vulnerability VULN-003330,2026-06-18
VULN-003350,CVE-2024-4350,APP000,Application-000,ASSET-003350,host-003350.corp.local,10.13.209.22,linux,Container,False,High,In Progress,True,False,False,owner10@example.com,sysadmin0@example.com,Marketing,Staging,us-east-1,2025-12-23,2026-03-17,False,Linux,Ubuntu 22.04,Sample finding for vulnerability VULN-003350,2026-06-06
VULN-003370,CVE-2024-4370,APP020,Application-020,ASSET-003370,host-003370.corp.local,10.13.210.42,windows,Container,False,Medium,In Progress,True,False,True,owner10@example.com,sysadmin0@example.com,Finance,Production,ap-south-1,2026-05-08,2026-06-23,False,Windows,Windows Server 2022,Sample finding for vulnerability VULN-003370,2026-05-27
VULN-003390,CVE-2024-4390,APP040,Application-040,ASSET-003390,host-003390.corp.local,10.13.211.62,windows,VM,False,High,Remediated,True,False,False,owner10@example.com,sysadmin0@example.com,Retail,Production,eu-west-1,2025-07-13,2025-08-11,True,Windows,Windows Server 2019,Sample finding for vulnerability VULN-003390,2026-06-12
VULN-003410,CVE-2024-4410,APP010,Application-010,ASSET-003410,host-003410.corp.local,10.13.213.82,windows,Container,False,High,Accepted Risk,True,False,False,owner10@example.com,sysadmin0@example.com,Finance,Development,ap-south-1,2025-11-07,2026-02-03,True,Windows,Windows Server 2022,Sample finding for vulnerability VULN-003410,2026-06-21
VULN-003430,CVE-2024-4430,APP030,Application-030,ASSET-003430,host-003430.corp.local,10.13.214.102,aix,Physical,False,Medium,Remediated,True,False,False,owner10@example.com,sysadmin0@example.com,HR,Development,us-east-1,2025-08-06,2025-08-20,True,AIX,AIX 7.2,Sample finding for vulnerability VULN-003430,2026-06-07
VULN-003450,CVE-2024-4450,APP000,Application-000,ASSET-003450,host-003450.corp.local,10.13.215.122,aix,Physical,False,Medium,In Progress,False,False,True,owner10@example.com,sysadmin0@example.com,HR,Production,ap-south-1,2026-05-26,2026-07-31,False,AIX,AIX 7.2,Sample finding for vulnerability VULN-003450,2026-06-16
VULN-003470,CVE-2024-4470,APP020,Application-020,ASSET-003470,host-003470.corp.local,10.13.216.142,linux,Container,False,High,In Progress,True,True,False,owner10@example.com,sysadmin0@example.com,Finance,Staging,us-east-1,2025-10-27,2025-11-04,False,Linux,RHEL 8,Sample finding for vulnerability VULN-003470,2026-06-17
VULN-003490,CVE-2024-4490,APP040,Application-040,ASSET-003490,host-003490.corp.local,10.13.218.162,aix,Container,False,Medium,Remediated,True,False,False,owner10@example.com,sysadmin0@example.com,HR,Development,us-east-1,2026-03-13,2026-04-10,False,AIX,AIX 7.2,Sample finding for vulnerability VULN-003490,2026-06-03
VULN-003510,CVE-2024-4510,APP010,Application-010,ASSET-003510,host-003510.corp.local,10.13.219.182,solaris,Container,False,Low,Accepted Risk,True,True,False,owner10@example.com,sysadmin0@example.com,Marketing,Production,eu-west-1,2025-12-06,2025-12-16,False,Solaris,Solaris 11,Sample finding for vulnerability VULN-003510,2026-06-01
VULN-003530,CVE-2024-4530,APP030,Application-030,ASSET-003530,host-003530.corp.local,10.13.220.202,linux,VM,False,High,In Progress,True,False,False,owner10@example.com,sysadmin0@example.com,HR,Development,ap-south-1,2025-06-29,2025-08-24,False,Linux,RHEL 8,Sample finding for vulnerability VULN-003530,2026-06-09
VULN-003550,CVE-2024-4550,APP000,Application-000,ASSET-003550,host-003550.corp.local,10.13.221.222,solaris,Container,False,Medium,In Progress,True,False,False,owner10@example.com,sysadmin0@example.com,Marketing,Production,eu-west-1,2026-04-08,2026-05-27,True,Solaris,Solaris 11,Sample finding for vulnerability VULN-003550,2026-06-01
VULN-003570,CVE-2024-4570,APP020,Application-020,ASSET-003570,host-003570.corp.local,10.13.223.242,windows,Physical,False,High,In Progress,True,False,True,owner10@example.com,sysadmin0@example.com,Finance,Staging,eu-west-1,2025-09-07,2025-11-29,False,Windows,Windows Server 2019,Sample finding for vulnerability VULN-003570,2026-06-05
VULN-003590,CVE-2024-4590,APP040,Application-040,ASSET-003590,host-003590.corp.local,10.14.224.6,linux,Physical,False,Critical,Open,True,False,False,owner10@example.com,sysadmin0@example.com,HR,Staging,ap-south-1,2025-10-28,2026-01-10,False,Linux,Ubuntu 22.04,Sample finding for vulnerability VULN-003590,2026-06-21
VULN-003610,CVE-2024-4610,APP010,Application-010,ASSET-003610,host-003610.corp.local,10.14.225.26,aix,Physical,False,Medium,Open,True,False,False,owner10@example.com,sysadmin0@example.com,Marketing,Development,us-west-2,2025-10-23,2025-11-27,False,AIX,AIX 7.2,Sample finding for vulnerability VULN-003610,2026-06-11
VULN-003630,CVE-2024-4630,APP030,Application-030,ASSET-003630,host-003630.corp.local,10.14.226.46,linux,VM,False,Medium,Accepted Risk,True,False,False,owner10@example.com,sysadmin0@example.com,Engineering,Staging,eu-west-1,2026-05-15,2026-05-24,True,Linux,RHEL 8,Sample finding for vulnerability VULN-003630,2026-05-31
VULN-003650,CVE-2024-4650,APP000,Application-000,ASSET-003650,host-003650.corp.local,10.14.228.66,windows,VM,False,Medium,Open,True,False,False,owner10@example.com,sysadmin0@example.com,Engineering,Production,us-west-2,2025-11-01,2025-11-18,False,Windows,Windows Server 2022,Sample finding for vulnerability VULN-003650,2026-06-16
VULN-003670,CVE-2024-4670,APP020,Application-020,ASSET-003670,host-003670.corp.local,10.14.229.86,linux,VM,False,Medium,Accepted Risk,True,False,False,owner10@example.com,sysadmin0@example.com,Retail,Staging,us-west-2,2026-03-16,2026-06-14,False,Linux,RHEL 8,Sample finding for vulnerability VULN-003670,2026-06-17
VULN-003690,CVE-2024-4690,APP040,Application-040,ASSET-003690,host-003690.corp.local,10.14.230.106,solaris,VM,True,Medium,Accepted Risk,True,False,False,owner10@example.com,sysadmin0@example.com,HR,Staging,us-west-2,2026-03-14,2026-06-10,False,Solaris,Solaris 11,Sample finding for vulnerability VULN-003690,2026-06-16
VULN-003710,CVE-2024-4710,APP010,Application-010,ASSET-003710,host-003710.corp.local,10.14.231.126,solaris,VM,False,Medium,Remediated,False,False,True,owner10@example.com,sysadmin0@example.com,HR,Development,us-west-2,2026-05-29,2026-07-08,False,Solaris,Solaris 11,Sample finding for vulnerability VULN-003710,2026-06-19
VULN-003730,CVE-2024-4730,APP030,Application-030,ASSET-003730,host-003730.corp.local,10.14.233.146,windows,Container,False,High,Open,False,False,False,owner10@example.com,sysadmin0@example.com,HR,Production,us-west-2,2026-06-11,2026-08-06,False,Windows,Windows Server 2022,Sample finding for vulnerability VULN-003730,2026-06-13
VULN-003750,CVE-2024-4750,APP000,Application-000,ASSET-003750,host-003750.corp.local,10.14.234.166,solaris,Physical,False,High,Open,True,True,False,owner10@example.com,sysadmin0@example.com,Marketing,Production,ap-south-1,2025-10-30,2025-11-11,False,Solaris,Solaris 11,Sample finding for vulnerability VULN-003750,2026-05-30
VULN-003770,CVE-2024-4770,APP020,Application-020,ASSET-003770,host-003770.corp.local,10.14.235.186,aix,Physical,False,Low,Open,True,False,True,owner10@example.com,sysadmin0@example.com,Retail,Development,us-east-1,2026-02-26,2026-03-26,False,AIX,AIX 7.2,Sample finding for vulnerability VULN-003770,2026-06-17
VULN-003790,CVE-2024-4790,APP040,Application-040,ASSET-003790,host-003790.corp.local,10.14.236.206,linux,Physical,False,Medium,Accepted Risk,True,False,False,owner10@example.com,sysadmin0@example.com,Finance,Staging,ap-south-1,2025-11-06,2025-11-18,True,Linux,Ubuntu 22.04,Sample finding for vulnerability VULN-003790,2026-06-13
VULN-003810,CVE-2024-4810,APP010,Application-010,ASSET-003810,host-003810.corp.local,10.14.238.226,windows,Physical,False,High,Open,True,False,False,owner10@example.com,sysadmin0@example.com,Engineering,Staging,us-west-2,2025-07-15,2025-08-06,False,Windows,Windows Server 2022,Sample finding for vulnerability VULN-003810,2026-06-03
VULN-003830,CVE-2024-4830,APP030,Application-030,ASSET-003830,host-003830.corp.local,10.14.239.246,linux,VM,True,Medium,Remediated,True,False,False,owner10@example.com,sysadmin0@example.com,Retail,Production,us-east-1,2025-09-12,2025-10-28,False,Linux,Ubuntu 22.04,Sample finding for vulnerability VULN-003830,2026-06-14
VULN-003850,CVE-2024-4850,APP000,Application-000,ASSET-003850,host-003850.corp.local,10.15.240.10,aix,VM,False,Medium,In Progress,True,False,False,owner10@example.com,sysadmin0@example.com,Marketing,Development,us-east-1,2025-12-15,2026-02-16,False,AIX,AIX 7.2,Sample finding for vulnerability VULN-003850,2026-06-16
VULN-003870,CVE-2024-4870,APP020,Application-020,ASSET-003870,host-003870.corp.local,10.15.241.30,solaris,Physical,False,High,Accepted Risk,True,False,False,owner10@example.com,sysadmin0@example.com,Finance,Production,eu-west-1,2026-02-04,2026-03-05,False,Solaris,Solaris 11,Sample finding for vulnerability VULN-003870,2026-06-06
VULN-003890,CVE-2024-4890,APP040,Application-040,ASSET-003890,host-003890.corp.local,10.15.243.50,linux,Container,False,Medium,In Progress,True,True,False,owner10@example.com,sysadmin0@example.com,HR,Production,us-east-1,2025-08-16,2025-11-06,False,Linux,RHEL 8,Sample finding for vulnerability VULN-003890,2026-06-23
VULN-003910,CVE-2024-4910,APP010,Application-010,ASSET-003910,host-003910.corp.local,10.15.244.70,windows,Container,False,Low,In Progress,True,False,True,owner10@example.com,sysadmin0@example.com,Retail,Staging,ap-south-1,2025-10-01,2025-12-26,True,Windows,Windows Server 2019,Sample finding for vulnerability VULN-003910,2026-06-03
VULN-003930,CVE-2024-4930,APP030,Application-030,ASSET-003930,host-003930.corp.local,10.15.245.90,linux,Container,False,Medium,In Progress,True,False,True,owner10@example.com,sysadmin0@example.com,Marketing,Production,us-west-2,2025-12-21,2026-03-15,True,Linux,Ubuntu 22.04,Sample finding for vulnerability VULN-003930,2026-05-26
VULN-003950,CVE-2024-4950,APP000,Application-000,ASSET-003950,host-003950.corp.local,10.15.246.110,windows,Container,False,Low,Remediated,True,False,False,owner10@example.com,sysadmin0@example.com,Engineering,Development,us-west-2,2025-09-20,2025-09-30,True,Windows,Windows Server 2019,Sample finding for vulnerability VULN-003950,2026-06-02
VULN-003970,CVE-2024-4970,APP020,Application-020,ASSET-003970,host-003970.corp.local,10.15.248.130,linux,Physical,False,Medium,Open,True,False,True,owner10@example.com,sysadmin0@example.com,Finance,Development,us-east-1,2026-03-04,2026-05-10,True,Linux,RHEL 8,Sample finding for vulnerability VULN-003970,2026-06-12
VULN-003990,CVE-2024-4990,APP040,Application-040,ASSET-003990,host-003990.corp.local,10.15.249.150,linux,Physical,False,Medium,Open,True,False,False,owner10@example.com,sysadmin0@example.com,Engineering,Production,ap-south-1,2026-03-20,2026-05-07,True,Linux,RHEL 8,Sample finding for vulnerability VULN-003990,2026-05-27
VULN-004010,CVE-2024-5010,APP010,Application-010,ASSET-004010,host-004010.corp.local,10.15.250.170,aix,Container,False,High,Accepted Risk,False,False,False,owner10@example.com,sysadmin0@example.com,Finance,Staging,us-west-2,2026-06-01,2026-08-17,True,AIX,AIX 7.2,Sample finding for vulnerability VULN-004010,2026-05-28
VULN-004030,CVE-2024-5030,APP030,Application-030,ASSET-004030,host-004030.corp.local,10.15.251.190,aix,Container,True,Low,Accepted Risk,True,False,False,owner10@example.com,sysadmin0@example.com,Finance,Production,eu-west-1,2025-12-21,2026-01-09,False,AIX,AIX 7.2,Sample finding for vulnerability VULN-004030,2026-06-10
VULN-004050,CVE-2024-5050,APP000,Application-000,ASSET-004050,host-004050.corp.local,10.15.253.210,linux,VM,False,Critical,Open,True,False,False,owner10@example.com,sysadmin0@example.com,Finance,Production,eu-west-1,2025-09-20,2025-11-27,False,Linux,RHEL 8,Sample finding for vulnerability VULN-004050,2026-05-30
VULN-004070,CVE-2024-5070,APP020,Application-020,ASSET-004070,host-004070.corp.local,10.15.254.230,aix,VM,False,Low,Open,True,False,False,owner10@example.com,sysadmin0@example.com,Finance,Staging,us-east-1,2025-07-04,2025-08-30,False,AIX,AIX 7.2,Sample finding for vulnerability VULN-004070,2026-06-21
VULN-004090,CVE-2024-5090,APP040,Application-040,ASSET-004090,host-004090.corp.local,10.15.255.250,aix,Physical,False,Medium,Accepted Risk,True,False,False,owner10@example.com,sysadmin0@example.com,Marketing,Development,us-east-1,2026-06-12,2026-06-19,False,AIX,AIX 7.2,Sample finding for vulnerability VULN-004090,2026-06-04
VULN-004110,CVE-2024-5110,APP010,Application-010,ASSET-004110,host-004110.corp.local,10.16.0.14,windows,Physical,False,Low,Remediated,True,False,False,owner10@example.com,sysadmin0@example.com,Engineering,Production,eu-west-1,2026-02-25,2026-03-28,False,Windows,Windows Server 2019,Sample finding for vulnerability VULN-004110,2026-06-16
VULN-004130,CVE-2024-5130,APP030,Application-030,ASSET-004130,host-004130.corp.local,10.16.2.34,aix,Physical,False,High,Open,True,False,False,owner10@example.com,sysadmin0@example.com,Finance,Development,us-east-1,2025-11-08,2026-01-16,False,AIX,AIX 7.2,Sample finding for vulnerability VULN-004130,2026-05-26
VULN-004150,CVE-2024-5150,APP000,Application-000,ASSET-004150,host-004150.corp.local,10.16.3.54,linux,Container,False,High,Open,False,False,False,owner10@example.com,sysadmin0@example.com,Finance,Development,eu-west-1,2026-05-28,2026-08-16,False,Linux,Ubuntu 22.04,Sample finding for vulnerability VULN-004150,2026-06-16
VULN-004170,CVE-2024-5170,APP020,Application-020,ASSET-004170,host-004170.corp.local,10.16.4.74,linux,VM,False,Medium,Accepted Risk,False,False,False,owner10@example.com,sysadmin0@example.com,Engineering,Production,eu-west-1,2026-06-13,2026-08-03,False,Linux,Ubuntu 22.04,Sample finding for vulnerability VULN-004170,2026-05-31
VULN-004190,CVE-2024-5190,APP040,Application-040,ASSET-004190,host-004190.corp.local,10.16.5.94,windows,Physical,False,Medium,Accepted Risk,True,False,True,owner10@example.com,sysadmin0@example.com,Marketing,Staging,us-east-1,2026-03-19,2026-05-29,False,Windows,Windows Server 2022,Sample finding for vulnerability VULN-004190,2026-05-31
VULN-004210,CVE-2024-5210,APP010,Application-010,ASSET-004210,host-004210.corp.local,10.16.7.114,windows,Container,True,Critical,Remediated,True,False,False,owner10@example.com,sysadmin0@example.com,Retail,Development,us-east-1,2026-04-26,2026-06-16,False,Windows,Windows Server 2019,Sample finding for vulnerability VULN-004210,2026-06-17
VULN-004230,CVE-2024-5230,APP030,Application-030,ASSET-004230,host-004230.corp.local,10.16.8.134,windows,Container,False,Low,Open,True,False,False,owner10@example.com,sysadmin0@example.com,Retail,Production,us-east-1,2025-11-24,2026-01-13,True,Windows,Windows Server 2022,Sample finding for vulnerability VULN-004230,2026-06-14
VULN-004250,CVE-2024-5250,APP000,Application-000,ASSET-004250,host-004250.corp.local,10.16.9.154,solaris,VM,False,High,Accepted Risk,False,False,True,owner10@example.com,sysadmin0@example.com,HR,Development,us-west-2,2026-05-15,2026-07-17,True,Solaris,Solaris 11,Sample finding for vulnerability VULN-004250,2026-05-26
VULN-004270,CVE-2024-5270,APP020,Application-020,ASSET-004270,host-004270.corp.local,10.16.10.174,solaris,Physical,True,High,Remediated,True,False,False,owner10@example.com,sysadmin0@example.com,Finance,Development,us-east-1,2026-04-03,2026-05-30,False,Solaris,Solaris 11,Sample finding for vulnerability VULN-004270,2026-05-27
VULN-004290,CVE-2024-5290,APP040,Application-040,ASSET-004290,host-004290.corp.local,10.16.12.194,solaris,Physical,False,Medium,Open,True,False,False,owner10@example.com,sysadmin0@example.com,Finance,Staging,us-east-1,2025-11-21,2025-12-18,True,Solaris,Solaris 11,Sample finding for vulnerability VULN-004290,2026-06-17
VULN-004310,CVE-2024-5310,APP010,Application-010,ASSET-004310,host-004310.corp.local,10.16.13.214,windows,Container,False,High,Remediated,True,False,False,owner10@example.com,sysadmin0@example.com,Retail,Staging,us-west-2,2026-04-25,2026-05-15,False,Windows,Windows Server 2019,Sample finding for vulnerability VULN-004310,2026-05-31
VULN-004330,CVE-2024-5330,APP030,Application-030,ASSET-004330,host-004330.corp.local,10.16.14.234,linux,VM,True,Medium,Accepted Risk,True,False,False,owner10@example.com,sysadmin0@example.com,HR,Production,eu-west-1,2026-04-02,2026-05-05,False,Linux,RHEL 8,Sample finding for vulnerability VULN-004330,2026-05-28
VULN-004350,CVE-2024-5350,APP000,Application-000,ASSET-004350,host-004350.corp.local,10.16.15.254,aix,Physical,False,Low,Accepted Risk,True,False,False,owner10@example.com,sysadmin0@example.com,Marketing,Development,us-east-1,2026-04-02,2026-04-25,True,AIX,AIX 7.2,Sample finding for vulnerability VULN-004350,2026-06-25
VULN-004370,CVE-2024-5370,APP020,Application-020,ASSET-004370,host-004370.corp.local,10.17.17.18,linux,Physical,False,Medium,Accepted Risk,True,True,False,owner10@example.com,sysadmin0@example.com,Engineering,Staging,eu-west-1,2026-03-17,2026-05-04,True,Linux,Ubuntu 22.04,Sample finding for vulnerability VULN-004370,2026-06-06
VULN-004390,CVE-2024-5390,APP040,Application-040,ASSET-004390,host-004390.corp.local,10.17.18.38,windows,VM,False,Medium,Accepted Risk,True,False,False,owner10@example.com,sysadmin0@example.com,Engineering,Production,ap-south-1,2026-01-14,2026-02-23,False,Windows,Windows Server 2022,Sample finding for vulnerability VULN-004390,2026-06-16
VULN-004410,CVE-2024-5410,APP010,Application-010,ASSET-004410,host-004410.corp.local,10.17.19.58,linux,Physical,True,High,In Progress,True,False,False,owner10@example.com,sysadmin0@example.com,Engineering,Staging,us-west-2,2025-11-17,2026-01-25,False,Linux,RHEL 8,Sample finding for vulnerability VULN-004410,2026-06-21
VULN-004430,CVE-2024-5430,APP030,Application-030,ASSET-004430,host-004430.corp.local,10.17.20.78,windows,Container,False,High,Remediated,True,False,True,owner10@example.com,sysadmin0@example.com,Engineering,Production,ap-south-1,2025-08-05,2025-10-13,False,Windows,Windows Server 2022,Sample finding for vulnerability VULN-004430,2026-05-29
VULN-004450,CVE-2024-5450,APP000,Application-000,ASSET-004450,host-004450.corp.local,10.17.22.98,windows,VM,False,Medium,In Progress,True,False,True,owner10@example.com,sysadmin0@example.com,Finance,Staging,us-east-1,2025-10-18,2025-11-26,True,Windows,Windows Server 2022,Sample finding for vulnerability VULN-004450,2026-06-25
VULN-004470,CVE-2024-5470,APP020,Application-020,ASSET-004470,host-004470.corp.local,10.17.23.118,linux,Physical,False,Medium,Open,True,False,False,owner10@example.com,sysadmin0@example.com,Finance,Production,us-east-1,2026-01-29,2026-04-10,False,Linux,RHEL 8,Sample finding for vulnerability VULN-004470,2026-06-20
VULN-004490,CVE-2024-5490,APP040,Application-040,ASSET-004490,host-004490.corp.local,10.17.24.138,aix,Container,False,High,Open,False,False,False,owner10@example.com,sysadmin0@example.com,Engineering,Production,ap-south-1,2026-06-12,2026-06-25,False,AIX,AIX 7.2,Sample finding for vulnerability VULN-004490,2026-06-24
VULN-004510,CVE-2024-5510,APP010,Application-010,ASSET-004510,host-004510.corp.local,10.17.25.158,solaris,Physical,False,Critical,In Progress,True,False,False,owner10@example.com,sysadmin0@example.com,HR,Development,us-west-2,2025-09-14,2025-11-08,False,Solaris,Solaris 11,Sample finding for vulnerability VULN-004510,2026-05-29
VULN-004530,CVE-2024-5530,APP030,Application-030,ASSET-004530,host-004530.corp.local,10.17.27.178,aix,Container,False,Medium,Open,True,False,True,owner10@example.com,sysadmin0@example.com,Finance,Staging,us-west-2,2026-02-18,2026-04-14,False,AIX,AIX 7.2,Sample finding for vulnerability VULN-004530,2026-06-25
VULN-004550,CVE-2024-5550,APP000,Application-000,ASSET-004550,host-004550.corp.local,10.17.28.198,solaris,Physical,True,High,In Progress,False,False,True,owner10@example.com,sysadmin0@example.com,Finance,Production,ap-south-1,2026-04-11,2026-07-09,False,Solaris,Solaris 11,Sample finding for vulnerability VULN-004550,2026-06-06
VULN-004570,CVE-2024-5570,APP020,Application-020,ASSET-004570,host-004570.corp.local,10.17.29.218,linux,Container,False,Medium,Remediated,True,True,False,owner10@example.com,sysadmin0@example.com,Engineering,Development,us-west-2,2026-04-06,2026-06-19,False,Linux,RHEL 8,Sample finding for vulnerability VULN-004570,2026-06-12
VULN-004590,CVE-2024-5590,APP040,Application-040,ASSET-004590,host-004590.corp.local,10.17.30.238,solaris,Physical,False,Medium,Accepted Risk,True,False,False,owner10@example.com,sysadmin0@example.com,Marketing,Staging,us-east-1,2025-12-06,2025-12-25,False,Solaris,Solaris 11,Sample finding for vulnerability VULN-004590,2026-06-11
VULN-004610,CVE-2024-5610,APP010,Application-010,ASSET-004610,host-004610.corp.local,10.18.32.2,windows,Physical,False,High,Open,True,False,True,owner10@example.com,sysadmin0@example.com,HR,Production,us-east-1,2025-08-10,2025-10-14,True,Windows,Windows Server 2019,Sample finding for vulnerability VULN-004610,2026-05-26
VULN-004630,CVE-2024-5630,APP030,Application-030,ASSET-004630,host-004630.corp.local,10.18.33.22,solaris,Physical,False,Low,Accepted Risk,True,True,False,owner10@example.com,sysadmin0@example.com,Marketing,Staging,eu-west-1,2025-08-30,2025-10-23,False,Solaris,Solaris 11,Sample finding for vulnerability VULN-004630,2026-06-04
VULN-004650,CVE-2024-5650,APP000,Application-000,ASSET-004650,host-004650.corp.local,10.18.34.42,aix,Physical,False,High,Remediated,True,False,False,owner10@example.com,sysadmin0@example.com,Finance,Production,us-west-2,2026-02-26,2026-04-24,True,AIX,AIX 7.2,Sample finding for vulnerability VULN-004650,2026-06-06
VULN-004670,CVE-2024-5670,APP020,Application-020,ASSET-004670,host-004670.corp.local,10.18.35.62,linux,Container,False,Medium,Accepted Risk,True,False,False,owner10@example.com,sysadmin0@example.com,Finance,Development,us-east-1,2026-03-28,2026-05-15,True,Linux,RHEL 8,Sample finding for vulnerability VULN-004670,2026-06-04
VULN-004690,CVE-2024-5690,APP040,Application-040,ASSET-004690,host-004690.corp.local,10.18.37.82,solaris,Physical,False,High,Open,True,False,False,owner10@example.com,sysadmin0@example.com,HR,Staging,eu-west-1,2025-07-21,2025-08-26,False,Solaris,Solaris 11,Sample finding for vulnerability VULN-004690,2026-06-16
VULN-004710,CVE-2024-5710,APP010,Application-010,ASSET-004710,host-004710.corp.local,10.18.38.102,windows,VM,False,Medium,Accepted Risk,True,False,False,owner10@example.com,sysadmin0@example.com,HR,Staging,us-west-2,2026-03-22,2026-06-15,True,Windows,Windows Server 2019,Sample finding for vulnerability VULN-004710,2026-06-05
VULN-004730,CVE-2024-5730,APP030,Application-030,ASSET-004730,host-004730.corp.local,10.18.39.122,windows,Physical,False,High,Open,True,False,False,owner10@example.com,sysadmin0@example.com,Finance,Production,ap-south-1,2025-11-29,2025-12-06,False,Windows,Windows Server 2022,Sample finding for vulnerability VULN-004730,2026-06-11
VULN-004750,CVE-2024-5750,APP000,Application-000,ASSET-004750,host-004750.corp.local,10.18.40.142,aix,VM,False,High,Open,True,False,False,owner10@example.com,sysadmin0@example.com,Finance,Development,ap-south-1,2025-09-26,2025-11-16,False,AIX,AIX 7.2,Sample finding for vulnerability VULN-004750,2026-06-02
VULN-004770,CVE-2024-5770,APP020,Application-020,ASSET-004770,host-004770.corp.local,10.18.42.162,linux,Container,False,High,Remediated,True,False,False,owner10@example.com,sysadmin0@example.com,Engineering,Production,ap-south-1,2026-03-18,2026-04-19,False,Linux,Ubuntu 22.04,Sample finding for vulnerability VULN-004770,2026-06-08
VULN-004790,CVE-2024-5790,APP040,Application-040,ASSET-004790,host-004790.corp.local,10.18.43.182,aix,Physical,True,High,Accepted Risk,True,False,True,owner10@example.com,sysadmin0@example.com,Engineering,Staging,ap-south-1,2025-08-11,2025-11-02,True,AIX,AIX 7.2,Sample finding for vulnerability VULN-004790,2026-05-26
VULN-004810,CVE-2024-5810,APP010,Application-010,ASSET-004810,host-004810.corp.local,10.18.44.202,linux,VM,False,High,In Progress,True,False,True,owner10@example.com,sysadmin0@example.com,Marketing,Development,us-east-1,2025-08-08,2025-10-21,True,Linux,RHEL 8,Sample finding for vulnerability VULN-004810,2026-06-13
VULN-004830,CVE-2024-5830,APP030,Application-030,ASSET-004830,host-004830.corp.local,10.18.45.222,linux,VM,False,Medium,Open,False,False,False,owner10@example.com,sysadmin0@example.com,Finance,Development,ap-south-1,2026-05-19,2026-06-28,False,Linux,Ubuntu 22.04,Sample finding for vulnerability VULN-004830,2026-06-11
VULN-004850,CVE-2024-5850,APP000,Application-000,ASSET-004850,host-004850.corp.local,10.18.47.242,windows,VM,False,Medium,Remediated,True,False,False,owner10@example.com,sysadmin0@example.com,Marketing,Development,ap-south-1,2025-11-27,2025-12-18,False,Windows,Windows Server 2022,Sample finding for vulnerability VULN-004850,2026-05-26
VULN-004870,CVE-2024-5870,APP020,Application-020,ASSET-004870,host-004870.corp.local,10.19.48.6,solaris,Container,False,Medium,Accepted Risk,True,False,False,owner10@example.com,sysadmin0@example.com,Marketing,Development,ap-south-1,2026-05-30,2026-06-11,True,Solaris,Solaris 11,Sample finding for vulnerability VULN-004870,2026-05-31
VULN-004890,CVE-2024-5890,APP040,Application-040,ASSET-004890,host-004890.corp.local,10.19.49.26,aix,Container,False,Medium,In Progress,True,False,False,owner10@example.com,sysadmin0@example.com,Marketing,Staging,us-west-2,2025-11-02,2025-11-09,True,AIX,AIX 7.2,Sample finding for vulnerability VULN-004890,2026-06-05
VULN-004910,CVE-2024-5910,APP010,Application-010,ASSET-004910,host-004910.corp.local,10.19.50.46,windows,VM,False,Medium,Remediated,True,False,False,owner10@example.com,sysadmin0@example.com,Marketing,Staging,us-west-2,2026-04-03,2026-05-12,True,Windows,Windows Server 2019,Sample finding for vulnerability VULN-004910,2026-06-11
VULN-004930,CVE-2024-5930,APP030,Application-030,ASSET-004930,host-004930.corp.local,10.19.52.66,solaris,VM,False,Medium,Accepted Risk,True,False,True,owner10@example.com,sysadmin0@example.com,HR,Production,us-west-2,2025-10-08,2026-01-02,True,Solaris,Solaris 11,Sample finding for vulnerability VULN-004930,2026-06-03
VULN-004950,CVE-2024-5950,APP000,Application-000,ASSET-004950,host-004950.corp.local,10.19.53.86,windows,Container,False,Medium,Remediated,True,False,False,owner10@example.com,sysadmin0@example.com,Engineering,Development,ap-south-1,2026-01-07,2026-02-21,False,Windows,Windows Server 2019,Sample finding for vulnerability VULN-004950,2026-06-07
VULN-004970,CVE-2024-5970,APP020,Application-020,ASSET-004970,host-004970.corp.local,10.19.54.106,aix,VM,False,Low,Remediated,True,False,False,owner10@example.com,sysadmin0@example.com,Retail,Production,us-east-1,2025-08-15,2025-09-16,False,AIX,AIX 7.2,Sample finding for vulnerability VULN-004970,2026-06-20
VULN-004990,CVE-2024-5990,APP040,Application-040,ASSET-004990,host-004990.corp.local,10.19.55.126,solaris,Physical,False,Low,Open,True,False,False,owner10@example.com,sysadmin0@example.com,Engineering,Staging,ap-south-1,2025-10-21,2025-11-14,False,Solaris,Solaris 11,SVULN-004964,CVE-2024-5964,APP014,Application-014,ASSET-004964,host-004964.corp.local,10.19.54.100,linux,VM,False,Medium,Remediated,True,False,False,owner4@example.com,sysadmin4@example.com,HR,Development,eu-west-1,2025-09-01,2025-09-24,False,Linux,Ubuntu 22.04,Sample finding for vulnerability VULN-004964,2026-05-29
VULN-004984,CVE-2024-5984,APP034,Application-034,ASSET-004984,host-004984.corp.local,10.19.55.120,linux,VM,False,Low,Remediated,True,False,False,owner4@example.com,sysadmin4@example.com,Marketing,Production,eu-west-1,2025-06-27,2025-07-22,True,Linux,RHEL 8,Sample finding for vulnerability VULN-004984,2026-06-06
